Abbreviation,Full Name
iopn,intracellular osteopontin
igf-i,"insulin-like growth factor i, insulin-like growth factor-i"
gfra,gdnf family receptor a)
adam,a disintegrin and metalloprotease
mirna-21,microrna-21
tn-c,tenascin c
zrf-1,zrf-1
wga-hrp,"wheat germ ag­ glutinin horseradish peroxidase, wheat germ agglutinin-horseradish peroxidase, wheatgerm agglutinin– conjugated horseradish peroxidase, wheat germ agglutinin-horse radish peroxidase"
grap,glial hyaluronate-binding protein
nf,"neurofilament, neurofilament, neurofila- ment"
ifnγ,interferon-γ
mhc,major histocompatibility complex
aps,5-aminophosphonopentanoic acid
fsk,forskolin
anti-fak,anti-focal adhesion kinase
vip,vasoactive intestinal peptide
lbp,lycium barbarum polysaccharide
trk,"tyrosine receptor kinases, tropomyosin receptor kinase, tyro- sine kinase"
ros,"reactive oxygen species, reactive oxygen species"
irs-1,insulin receptor substrate 1
nsc,neural stem cell
rarb,retinoic acid receptor beta
amp,adenosine monophosphate
akt,"t-akt), gsk-3β (t-gsk"
ryk,kinase-related tyrosine kinase
dbi,diazepam binding inhibitor
gpi- linked protein,glycophosphatidylinositol-linked protein
rbpms,rna binding protein with multiple splicing
kspgs,keratan sulfate proteoglycans
hsps,heat shock proteins
mapk,mitogen activated protein kinase
eph,ephrins and their receptors
dspgs,dermatan sulfate proteoglycans
ara-c,arabinoside c
cralbp,cellular retinaldehyde-binding protein
prx,periaxin
gdnf,glial cell line-derived neurotrophic factor
ghap,glial hya- luronate-binding protein
tgf-β,transforming growth factor β
babb,benzoyl alcohol/benzoyl benzoate
tianjin,tianjin
crmp-2,collapsin response mediator protein 2
mmps,"matrix metalloproteinases, ma- trix metalloproteinases"
peg,"polyethylene glycol, poly(ethylene glycol)"
ep,ependyma
icam-1,"intercellular adhesion molecule-1, intracellular ad hesion molecule 1"
chat,"choline acetyltransferase, cholinergic acetyl transferase"
lim,"lin-11, isl-1, and mec-3"
ps6,"phosphorylated form of s6, phospho-s6"
egfp,"2a-enhanced green fluorescent protein, aav.egfp-shrna, enhanced green fluorescent protein"
p2,pap2
prg5,plasticity-related gene 5
tnf-α,tumor necrosis factor α
cpe,carboxypeptidase e
socs3,"suppressor of cytokine signaling 3, suppressor of cytokine signaling 3"
p-tubulin,proteins 2
jun/stat6,jun oncogene/signal transducer and activator of transcription 6
gsk3β,glycogen synthase kinase 3β
mf,matrix factor
hoxa-1,hoxa-2 (m93148
atf-3,activat­ ing transcription factor-3
c6st1,chondroitin 6-o-sulfotransferase 1
tlr,toll-like receptor
hs,"heparan sulfate, heparan sulfate, heparan sulfate"
map,"microtubule associated protein, mitogen-activated protein"
plp,"pro­ teolipid protein, proteolipid protein"
tpa,"tumour promoting agent, tetradecanoyl phorbol acetate, type plasminogen activator"
rtks,receptor tyrosine kinases
glca,glucuronate disaccharide
pst,polysialyltransferase
timp-1,tissue inhibitor of metalloproteinase-1
ac,adenylyl cyclase
ngr1,"nogo-66 receptor 1, nogo receptor 1"
islet,islet-1/-2
mmtv,mammary  tumor  virus
gsk-3β,glycogen synthase kinase 3β
mp,myotubularin-related protein (mtmr
kinases,pls-kinases) and lipid phosphatases (e.g. synaptojanin
gal-1,galectin-1
rfp,red fluorescent protein
bcan,brevican
oxldl,oxidized low-density lipoprotein
s6,"s6, p-s6), erk1/2 (p- erk"
brn-3a,brn-3b and -3c) or experienced a delayed down­ regulation
tnfsf,tumor necrosis factor superfamily
adifab,acrylodan-labelled i-fabp
bmp-7,bone morphogenetic protein-7
abc,avidin-biotin complex
corp,calcitonin gene-related peptide
apkc,atypical protein kinase c
rptp,receptor-type protein tyrosine phosphatase
dil,"-dioctadecyl-3, docarbocyanine perchlorate"
mdgi,mammary- derived growth inhibitor
lfa-1,lymphocyte function associated antigen-1
lhrh,"luteinizing hormone- releasing hormone, luteinizing hormone-releasing hormone"
vcan,versican
am-5,am-6 (d86365
ngn-1,neurogenin-1
il-1ra,il-1 receptor an- tagonist
creb,"camp response element binding protein, camp response element-binding protein"
bpv,bisperoxovanadium
netrin,
ntfs,neuronotrophic factors
osm,oncostatin m
tbst,tris-buffered saline containing 0.1% tween-20
plga,"poly(lactic-co-glycolic acid), poly (lactic-co- glycolic) acid, poly(lactic-co-glycolic acid)"
mnsod,manganese superoxide dismutase
acan,aggrecan
cspg,"chondroitin sulfate proteoglycan, chondroitin-6- sulphate proteoglyca n, chon- droitin sulfate proteoglycans"
pkg,protein kinase g
gag,"glycosaminoglycan, glycosaminoglycan, glycosami- noglycan"
rho gdi,rho p21 and its inhibitory gdp/gtp exchange protein
phpma,"poly n-2-hydroxypropyl- methacrylamide, poly(hydroxypropyl methacrylate)"
pthrp,parathyroid hormone-related peptide
fdd,frequency-dependent depression ratio
msg,monosodium glutamate
anti-gfp,anti-gfp (aves
hrg,heregulin
ni,neurite growth inhibitors
ha,"hyaluronan, hyaluronic acid, hyaluronic acid"
spion,superparamagnetic iron oxide
xt-1,xylosyltransferase-1
gmf-,glia maturation factor-
p5,p5klf4 (light gray
mebr,methyl bromide gas
gcv,ganciclovir
rock,"rho-associated coiled-coil-containing protein kinase, reorganization by activating rho kinase"
ng2,"neuron-glial antigen 2, neural/glial antigen 2"
gpcr,g protein-coupled receptor
sema6,semaphorin 6c/d
pmsf,"phenyl- methanesulfonyl fluoride, phenylmethylsulfonyl fluoride"
hmg-1,high mobility group 1 protein
hme,histone-modifying enzyme
gad- d45α,growth arrest and dna damage inducible gene 45α
dna,"deoxyribonucleic  acid, deoxyribonucleic acid"
mrf,myelin gene regulatory factor
igfbp-2,insulin-like growth factor binding protein-2
nos2,nitric oxide synthase 2
arhox6,arhox7 (6%
pdgfra,platelet-derived growth factor receptor a
hats,"histone acetyl transferases, histone acetyltransferases"
ptp,"protein tyrosine phosphatase sigma, protein-tyrosine phosphatase, protein-tyrosine phosphatase"
ptges,prostaglandin e syn- thase
bme,b-mercaptoethanol
p-c-jun,"pho-c-jun, phosphorylated c-jun"
naa,n-acetyl aspartate
y27632,
mbp,"myelin basic protein, myelin basic protein, anti-myelin basic protein, myelin basic protein, myelin basic protein"
ephrin,
nt-3,"neu­ rotrophin-3, neurotrophin-3, neurotrophic factor 3, neurotrophin-3, neurotrophin-3"
csl,cbf1/su(h)/lag1
np-1,neuropilin-1
pan/ pvc,polyacrylonitrile/polyvinyl chloride
hmg-coa,hydroxy-methylglutaryl-coenzyme a
hsp,heat shock proteins
p-akt,erk) and akt
tgf,trans- forming growth factor
camp-dpk,camp-dependent phosphokinase
ampa,"dl-a-amino-3-hydroxy-5-methylisoxa­ zole-propionic acid, alpha-amino-3-hydroxy-5-methylisoxazoleproprionate, α-amino-3-hydroxy-5-methyl-4-isox- azolepropionic acid, -amino-3-hydroxy-5-methyl-4- isoxazolepropionic acid"
vdr,vitamin d receptor
app,amyloid precursor  protein
tmb,tetramethyl benzedine
dlk,dual leucine zipper-bearing kinase
cs-pgs,chondroitin sulphate proteoglycans
htk,herpes thymidine kinase
sm,sphingomyelin
msf,macrophage stimulating factor
caspases,"cas- pases-1, -3, -4, -7"
gaba,gamma-aminobutyric acid
vla-4,very late antigen 4
pten,"phosphatase and tensin, phosphatase and tensin homolog, phatase and tensin homolog"
ct-b,cholera toxin subunit b
irf,interferon response factors
hb-egf igf-1,heparin-binding epidermal growth factor in combination with insulin-like growth fac- tor-1
lps,"lipopolysaccharide, lipopolysaccharide"
cs-gag,"chondroitin sulfate glycosaminoglycan side chains, class of proteins with sulfated glyco- saminoglycan"
pip3,phosphoinositol phosphate 3
sigma,sigmafast protease inhibitor
activin-b,activin-ab (βaβb
pont,partial optic nerve tran- section
lif,"leukemia inhib­ itory factor, leukemia inhibitory  factor, leukemia inhibitory factor"
pdpk1,phoinositide-dependent protein kinase 1
mam,"mephrin, a5, mu’"
apc,"anaphase promoting complex, anti-adenomatous polyposis coli"
nt4,neurotrophin 4
trks,ty- rosine kinase neurotrophic receptors
zymosan,
dnqx,6
ipsi,ipsilateral
fniii,fibronectin type iii
mag,"myelin-associated glycoprotein, myelin-associated glycoprotein, myelin-associated glycoprotein, myelin-associated glycoprotein, myelin associated glycoprotein, myelin- associated glycoprotein"
edta,"ethylenediaminetetraacetic acid, ethylenedi- aminetetraacetic acid"
moetacl,hema-2[2-(methacryloyloxy)ethyl]trimethylammonium chloride
endo-n,endoneuraminidase
mkp-l,map kinase phosphatase-l
lc3-ii,lc3-ii
ssea-1,stage-specific embryonic antigen-1
limk,lim domain kinase
lmo4,lim domain only 4
egr2,early growth response 2 gene
ngfr,ngf and its receptor
s1pr2,sphingosine-1-phosphate receptor 2
p/caf,p300/cbp-associated factor
hrp,"horseradish peroxidase, horse-radish peroxidase, anti-horseradish peroxidase, horseradish peroxidase"
lel,lycopersicon esculentum lectin
pdgfr,platelet-derived growth factor receptor
damps,damage-associated molecular patterns
ccc,cation-chloride-cotransporters
lingo-1,leucine-rich repeat and ig-containing nogo receptor
s9,serine 9
rmag,recombinant mag
ds,dermatan sulfate
p-fak,phosphorylated focal adhesion kinase
ps,"phosphatidylserine, propriospinal"
dnmts,dna methytransferases
tgf-(1,transforming growth factor beta 1
tgf-13,transforming growth factor-13
d-gal-1,de gal-1 recombinante
hoxa-4,hoxa-5 (m36604
imp,injured membrane proteoglycan
ei24,etoposide-in- duced protein 2.4 homolog
p-gsk,phosphorylated gsk-3β at ser9
te,tellurium
ng-cam,neuron-glia cell adhesion molecule
syncams,synaptic cell adhesion mole- cules
stat6,"signal transducer and activator of transcription 6, signal transducers and activators of tran- scription 6, signal transducers and activators of tran- scription 6"
kspg,
pdl,poly- d-lysine
brdu,"bromodeoxyuridine, 5-bromo-deoxyuridine, bromodeoxyuridine, bromodeoxyuridine"
prog,progesterone
klfs,krüppel-like family of transcription factors
ngf,"ngf, nerve growth factor, nerve growth factor, nerve growth factor"
hgf,"hepatocyte growth factor, hepatocyte growth factor alpha chain"
pde4,phosphodiesterase 4
nof,neurite outgrowth factor
ido,"indoleamine 2,3- dioxygenase"
pdgf,"platelet-derived growth factor, platelet-derived growth factor, platelet derived growth factor"
aav gfp,adeno-associated virus express- ing gfp
nmda,"n-methyl-d-aspartate, n-methyl-d-aspartate, n-methyl d-aspartate, n-methyl-d- aspartate"
pro-mmp-9,pro- matrix metalloproteinase-9
n-cam,"neural cell adhesion molecule, neural cell adhesion molecule, neural cell adhesion molecule, neural cell adhesion molecules"
gdnpf,glia-derived neurite-promoting factor
ach3,acetylation levels of histone 3
il,interleukin
lpa,lysophosphatidic acid
klf,"kruppel-like transcription factor, kru¨ppel-like factors"
vglut1,vesicular glutamate transporter 1
vldls,very low-density lipopro- teins
troy,tnf□ receptor superfamily member 19
pa,palmitic acid
ache,acetylcholinesterase
ct-1,cardiotrophin-1
pha-l,phaseolus vulgaris-leucoagglutinin
crmp,collapsin response mediator protein
cl-p1,collectin placenta 1
klf2,"kruppel-like factor 2, kruppel-like factor 2"
b-gal,b-galactosidase
arrow,are covered by their own base- ment membrane
plexina4,(nrp-1)/plexina a4
dmem,dulbecco’s modified eagle’s medium
vglut2,vesicular glutamate transporter 2
stat,signal transducer and activator of tran- scription
hes-1,hairy and enhancer of split homolog-1
tgf-b,"transforming al., 1991). growth factor-b"
igf,"igf-1, insulin-derived growth factors"
mt-mmps,membrane-type matrix metalloproteases
ptp delta,protein tyrosine phosphatase delta
p- erk,"p-s6), erk1/2"
arhox1,arhox4/5 (12%
alcam,activated leucocyte cell adhesion molecule
nile,nerve growth factor-inducible large external
mlc,myosin light chain
hdacs,histone deacetylases
lngfr,low affinity ngf receptor
ldlr,low density lipoprotein re- ceptor
phospho- gap43,phospho-growth-associated protein 43
hspg,"heparan sulfate proteoglycans, heparin sulfate proteoglycan"
rmg,retinal müller glia
aav-egfp,aav- anti-luciferase-egfp
tcr,t cell receptor
pp2a,phosphatase 2a
pi-plc,phosphatidylinositol phospholipase c
lama2,laminin alpha2
s6k,s6 kinase
pla2,phospholipase a2
t- pbs,twice in 0.01m pbs with triton-x
ires,internal ribosome entry site
chpf,chondroitin polymerizing factor
rheb1,ras homolog enriched in brain 1
bmps,bone morphogenetic proteins
pi,"phosphatidylinositol, propidium iodide"
atl,angiotensin ii type l
kpi,kunitz-type protease inhibitor
scaffolds,scaffolds (conduits
pl,poly-l-lysine
gba,glucocerebrosidase
g-csf,granulo- cyte colony-stimulating factor
mcp1,monocyte chemotactic protein-1
dioa,([dihydroindenyl)oxy]alkanoic acid
dhp,dihydropyrimidinase
bio,bromoindirubin-39-acetoxime
carp,carpio; 800-1200 gm
p-s6,"protein  s6, protein s6"
pdgf-bb,platelet-derived growth factor-bb
tnf alpha,tumour necrosis factor alpha
mtorc1,mammalian target of rapamycin complex 1
saps,self-assembling peptides
hdac,"histone deacetylase, histone deacetylase"
mtor,"mammalian target of rapamycin, mammalian target of rapamycin"
fig,fgf-2 bind fgfr-1
bhn,brain-specific hyalu­ ronectin
pkcα,"protein kinase c-α, protein kinase c-α"
ppp,picropodophyllin
gga,geranylgeranylacetate
zfp191,zinc finger protein 191
ecm,extracellular matrix
tsa,"trichostatin a, trichostatin a"
gfap –/–,gfap gene
marcks,myristoylated alanine-rich c kinase substrate
npcs,neural progenitor cells
neo,neogenin
cntf,"ciliary neurotrophic factor, ciliary neurotrophic factor, ciliary neurotrophic factor, ciliary neurotrophic factor"
bsa,"bovine serum albumin, bovine serum albumin, bovine serum albumin, bovine serum albumin, bovine serum albumin"
nim,neural induction medium
mu,methyl- umbelliferyl -d-xyloside
cox-2,"cyclooxygenase-2, cyclooxygenase-2"
lrp1,lipoprotein-related protein 1
fabp,fatty acid-binding protein
s1p,sphingosine-1-phosphate
nf-kb,nuclear factor-kb
biorp,biotinylated rp
tgf/3,transform- ing growth factor-/3
mcp-1,monocyte chemoattractant protein-1
praptor,phosphorylated-raptor
lane 14,lane 12) and absent at 24 h
rna,ribonucleic acid
ritc,"rhodamine isothiocyanate, rhodamine isothiocyanate, rhodamine-b-isothiocyanate"
dmso,dimethyl sulfoxide
syti,anti-synaptotagmin i
npn-1,neuropilin-1
nbt,nitroblue tetrazolium) and bcip (5-bromo-4-chloro-3-indolyl phosphate
gdf11,growth and differentiation factor 11
crp-,complement regulatory protein-
nes,nestin
hema,2-hydroxyethyl methacrylate
et-1,endothelin-1
gfap+,glial fibrillary acidic protein positive
omp,olfactory marker pro- tein
iap-1,inhibitor of apoptosis protein-1
krx-20,krox-20 gene
trh,thyrotropin-releasing hor­ mone
np-2,neuropilin-2
cspgs,"chon- droitin sulfate proteoglycans, chondroitin sulfate proteoglycans, chondroitin sulfate proteoglycans, chondroitin-sulfated proteoglycans, chondroitin sulfate proteoglycans"
cs,"chondroitin sulfate, chondroitin sulfate, chondroitin sulfate"
gefs,guanine exchange factors
tlr-4,toll-like receptor- 4
mfps,matrix-forming precursors
t-akt,"total proteins of pten, akt"
cgns,cerebellar granular neurons
ngr,"nogo receptor, nogo receptor, nogo receptors 1 and 3, nogo-66 combined with its receptor"
ptprs,"phosphatase, recep- tor s"
gpcrs,g-protein coupled receptors
t-gsk,"t-akt), gsk-3β"
cre+wt/wt,cre+gsk3βwt/wt
igfbp-6,igf binding protein-6
ma,methacrylate
vcam-1,"vascular cell adhesion molecule-1, vascular-cell adhesion molecule 1"
dlg,discs large tumour suppressor gene
dex,dexamethasone
tnf,tumor necrosis factor
gags,glycosaminoglycan chains
npf,neurite-promoting factor
am-6,am-7 (d86355
yfp,yellow fluorescent protein
cret,cret
aqp4,aquaporin 4
nc,nitrocellulose
ncam,"neural cell adhesion molecule, neural cell adhesion molecule"
vpa,valproic acid
dbcamp,"dibutyryl cyclic adeno- sine monophosphate, dibutyryl camp"
hsp90,heat shock protein 90
parp,poly(adp-ribose) polymerase
fbs,fetal bovine serum
pla,poly(lactic acid)
mais,myelin-associated inhibitors
c-myc,rosamer-c-myc
clf/clc,cytokine-like factor- 1 and cardiotrophin-like cytokine
ascl1,achaete-scute complex-like 1
xcrmp-2,xenopus homologue  of the crmp-2
ln,"laminin, laminin"
tax1bp1,tax1-binding protein 1
myti,myelin transcription factor i
ang2,angiopoietin 2
mscs,mal stem cells [52]
nrp-1,neuropilin-1
pnpfs,polyorni­ thine-attached neurite-promoting factors
mmp-2,"matrix 
metalloproteinase-2"
mosp,myelin / oligodendrocyte-specific protein
emap ii,endothelial monocyte activating polypeptide ii
shsocs3,shrna targeting endogenous socs3
cscl,cesium chloride
baab,benzyl alcohol and benzyl benzoate
psa-ncam,"polysialylated neuronal cell adhesion mol- ecule, polysialyated form of ncam"
gsk3beta,glycogen synthase kinase 3 beta
dha,"docosahexaenoic acid, docosahexaenoic acid"
pdi,anti-protein di- sulfide isomerase
abl,abelson proto-  oncogene
nrdg1,n-myc downstream-regulated gene-1
art,artemin
pjun,phosphorylated jun
tgf-(3,transforming growth factor (3
id2,inhibitor of dna binding 2
egf-,epidermal growth factor-
ifn-g,interferon-g
mos,"morpholino-modified antisense oligonucleotides, morpholinos"
mog,myelin oligodendrocyte glycoprotein
tsc1/2,tuberous sclerosis complexes 1 and 2
gap,"growth­ associated protein"""
blys,b lymphocyte stimu- lator
syn,"synaptophysin, synaptophysin"
hb-gam,"heparin- binding growth-associated molecule, pleiotrophin/heparin- binding growth­ associated molecule"
ifn-γ,interferon-γ
pi3k,phosphatidylinosi- tide 3-kinase
tubulin,tubulin isotype
atf-2,activating tran- scription factor 2
ad-nt-3,ad-trkc) or nt-3 gene
cgrp,"calcitonin gene-related peptide-, calcitonin gene related peptide, calcitonin gene related peptide"
gsk3,"glycogen synthase kinase 3, glycogen synthase kinase-3"
rgm,repulsive guidance molecule
igf-1,"insulin-like growth factor-1, insulin growth factor-1, insulin-like growth factor 1, insulin- like growth factor-1, insulin- like growth factor 1"
ankrd1,ankyrin repeat domain 1
nos,"nitric oxide synthase, nitric oxide synthase"
rag,regeneration-associated genes
egf,"epidermal growth factor, epidermal  growth  factor, epidermal growth factor, epidermal growth factor"
clasp2,cytoplasmic linker associated protein 2
h&e,hematoxylin and eosin
pll,"poly­ l-lysine, poly-l-lysine"
pr,progesterone
c/ebp-β,ccaat- enhancer-binding protein-β
cmd,cartilage matrix deficiency
smp,schwann cell myelin pro- tein’
il-8,interleukin-8
tap,tobacco acid pyrophosphatase
hdac5,his- tone deacetylase 5
s6k1,"s6 kinase 1, s6 kinase 1"
mmp,matrix metalloproteinase
crem,camp-responsive element modulator
ccl5,c-c motif) ligand 5
nogo,nogo-a
ihh,indian hedgehog
ii,intrinsic neuronal factors;
atra,all-trans retinoic acid
gtp,guanosine triphosphate
sema 3a,semaphorin 3a
ap,alkaline phosphatase
phb,poly-beta-hydroxybutyrate
wasp,wiskott-aldrich syndrome protein
am-3,am-4 (d86363
camp,clic adenosine monophosphate
hdms,histone demethylases
ng66r,nogo66 receptor
ca,carbonic anhydrase
pacap,"pituitary adenylyl cyclase-activating peptide, pituitary adenylate cyclase-activating polypeptide"
pdpk1/2,phosphoinositide dependent pro- tein kinase-1 and 2
kab-raf,kinase-activated b-raf
vegf,"vascular endothelial growth factor, vascular endothelial growth factor, vascular endothelial growth factor"
il-1β,interleukin-1β
sreb,sterol regulatory element binding protein
gst,"glutathione s-transferase, glutathione-s-transferase"
mda,malondialdehyde
mops,"morpholino)propanesulfonic acid, morpholino)propanesulfonic acid, 4-morpholinepropanesulfonic acid"
cd13-pc7,cluster of differentiation 13-phyco-erythrin (pe) cyanine 7 (cy7)
cgrp-,calcitonin gene related peptide-
am-4,am-5 (d86364
dic,differential interference contrast) (h
p(tmc-cl,poly(trimethylene carbonate-co-e-caprolactone)
aqp9,aquaporin 9
tdt,terminal deoxynucleotidyl transferase
sod,superoxide dismutase
npt,neomycin phosphotransferase
py397 fak,phosphorylated-tyrosine-397 fak
biop4,biopap4
hpma,2-hydroxypropyl methacrylamide
elam-1,e-selectin/endothelial leukocyte adhesion molecule-1
psa,polysialic acid
aav2–gfp,aav2–green fluorescent protein
taxol,
pak1,p21- activated kinase 1
ttn,triakontatetraneuropeptide
dclks,doublecortin-like kinases
p5klf6,p5klf4) or the axon growth enhancer klf6
cdna,complementary deoxyribonucleic acid
tgfb,"transforming 
growth factor beta"
ccl17,"c motif) ligand17, c motif) ligand17"
pam,peptidylglycine o-amidating monooxygenase
cn- pase,3′-cyclic-nucleotide 3′-phosphodiesterase
psm,"ptenf/f/socs3f/f with aav2-cre, aav2-cntf and aav2-c-myc"
cspg4,chondroitin sulfate proteoglycan 4
ace,angiotensin converting enzyme
fgf,"fibroblasts growth factor, fibroblast growth factor, fibroblast growth factor, fibro- blast growth factor"
rhoa,"ras homolog gene family member a, ras homolog gene family member a"
peg/pll,poly(ethylene glycol)/poly-l-lysine
nl1,neuroligin-1
peo,(peg)/poly-ethylene oxide
opcs,"oligodendrocyte progenitor cells, oligodendrocyte precursor cells"
oegs,olfactory ensheathing glial cells
tmc,trimethylene carbonate
nrs,normal rabbit serum
blbp,brain lipid binding protein
hoxa-3,hoxa-4 (x13538
ppre,ppar-responsive element
ptpσ,"protein tyrosine phosphatase σ, protein tyrosine phosphatase σ"
apv,2-amino-5- phosphonovaleric acid
gfap,"glial fibrillary acid protein, glial fibrillar acidic protein, glial fibrillary acidic protein, glial fibrillary acidic protein, glial fibrillary acidic protein, glial fibrillary acidic protein, anti-glial fibrillary acidic protein, glial fibrillary acidic protein"
nl4,neuroligin-4
aqp-4,aquaporin 4
crmp2,"collapsin response mediator protein 2, collapsin response mediator protein 2"
em,epithelial-mesnchymal
oa/aa,oleic and arachidonic acid
c3,c3 transferase
mmp-9,matrix metalloproteinase-9
ctx,cholera toxin b subunit
pfa,"paraformaldehyde, paraformalde- hyde, paraformaldehyde"
nogo-a,nogo-b and -c
bda,"biotin dextran amine, biotin dextran amine, biotin dextran amine"
ra,"retinoic acid, retinoic acid"
sod1,superoxide dismutase 1
adamts-4,and metalloprotease with thrombospondin motifs 4
tgf-1,transforming growth factor-1
gap43,growth associated protein 43
ask1,"apoptosis signal regulating kinase 1, apoptosis signal-regulating kinase-1"
am-7,am-9 (d86367
erk1/2,"extracellular signal-regulated kinase 1/2, extracellular signal-regulated kinase 1/2"
myt-2,myelin transcription factor 2
fitc,"cd44-fluorescein isothiocyanate, ctb-fluores- cein isothiocyanate"
biop2,biopap2
map-2,microtubule association protein-2
nrn1,neuritin 1
dapi,"4, 6-diamidino-2-phenylindole"
hoxa-2,hoxa-3 (k02591
hmts,histone methyltransferases
igg,"horse-anti-mouse-immunoglobulin g, immunoglobulin g"
npfs,neurite-promoting factors
oxpc,oxidized phosphatidylcho- line
tgf-,transforming growth factor-
tnf-a,"tumor necrosis factor-a, tumor necrosis factor-a"
mptp,"1-methyl-4-phenyl-1, 1-methyl-4-phenyl-1, 1-methyl-4- phenyl-1,2,3,6- tetrahydropyridine"
olig2,oligodendrocyte lineate transcription factor 2
grgds,glycine-arginine-glycine-aspartic acid-serine
p-creb,phosphorylated camp response element binding protein transcription factor
gfra1,gdnf family receptor a1
ppi,phosphatase i
etbr,ethidium bromide
p75ntr,p75 neurotrophic receptor
nfat,nuclear factor of activated t-cells
rtk,receptor tyrosine kinase
il1rn,"il1 receptor antagonist, decreased"
galc,"galactocerobroside, galactocerebroside, galactosylceramidase"
jak2,janus kinase 2
pal,peptidyl o-hydroxyglycine o-amidating lyase
lc,lesion control
npc,neural precursor cell
atf3,"activating transcription factor 3, activating transcription factor 3"
acs,adenylyl cyclases
il-6,"interleukin-6, interleukin-6, inter- leukin-6"
tnfbp,tnf binding protein
map1b,microtubule-associated protein 1b
p-stat3,anti-phospho-stat3
nimp,nogo-interacting mitochondrial protein
cams,cell adhesion molecules
il-1,"interleukin 1, inyerleukin 1, interleukin-1"
bdnf,"brain-derived neu­ rotrophic  factor, brain-derived neurotrophic factor-like, brain derived neurotrophic factor, brain-de­ rived neurotrophic factor, brain-derived neurotrophic factor"
bfgf,"basic fibroblast growth  factor, basic fibroblast growth factor, basic fibroblast growth factor, basic fibroblast growth factor, basic fibroblast growth factor"
bbb,blood- brain barrier
bhlhe40,basic helix-loop-helix family member e40
tgfβ,transforming growth factor-β
nlcam,neurolin-like cell adhesion molecule
mapk1,mitogen-activated protein kinase 1
hap,horseradish peroxidase
cy7,cyanine 7
fcs,"fetal calf serum, fetal calf serum"
hepes,4-(2-hydroxyethyl)-1-piperazineethane- sulfonic acid
il6,"interleukin 6, increased"
ngr3,"nogo 66 receptor 3, nogo-66 receptor 3"
vim,vimentin
pkc,"protein kinase c, protein kinase c, protein kinase c"
sac,soluble adenylyl cyclase
ae1,acetylcholinestrase-1) (i–l
mif,"macrophage inhibitory factor, macrophage in­ hibitory factor, macrophage inhibitory factor"
pmek1/2,phospho-mek1/2
gaps,gtpase activating proteins
sfk,src family kinase
nt3,"neurotrophin-3, neurotrophin 3"
jnk,"c-jun nh2-terminal kinase, jun aminoterminal kinase 1"
parv,parvalbumin
egf-l,epidermal growth factor-like repeats with the cysteine-rich sequences
rhogdi,rho gdp-dissociation inhibitor
sdf-1,stromal cell-derived factor 1
at2,angiotensin ii type 2
gap-43,"growth-associated protein 43, anti-growth-associated protein 43"
tr,thyroid receptors
dscam,down syndrome cell adhesion molecule gene
postn,periostin
pnp,p-nitro-phenyl--d-xylopyranoside
htt,huntingtin
dtt,dl-dithiothreitol
hspgs,"heparan sulfate proteoglycans, heparan sulfate proteoglycans, heparan sulfate proteoglycans"
pedf,pigment epithelium-derived factor
syncam,synaptic cell adhesion molecules
gsk3b,"glycogen synthase kinase 3b, glycogen synthetase kinase 3 beta"
laminin,laminin ( b
cop-1,copolymer-1 1999a).
nmag,native mag
aav2,adeno-associated virus serotype-2
nt-4,neurotrophin-4
pmp22,peripheral myelin protein 22 kda
klf4,"krüppel-like factor 4, kruppel-like factor 4"
canp,calcium activated neutral proteinases
mr,molecular mass
rbd,rho-binding domain
ach,acetylcholine
nadph,"nicotinamide adenine dinucleotide phosphate, nicotinamide adenine dinucleotide phosphate"
pvdf,polyvinylidene difluoride
bmp,"bone mor- phogenetic protein, bone morphogenic proteins"
pakt,"phosphorylated akt, phosphorylated akt"
rust,rubrospinal tract
tlr2,
sema7a,semaphorin 7a
egta,"ethylene glycol tetraacetic acid, ene glycol tetraacetic acid"
nf-b,nuclear factor -light-chain-enhancer of activated b-cells
rhd,reticulon hom- ology domain
nds,normal donkey se- rum
emi1,early mitotic inhibitor  1
pka,"protein kinase a, protein kinase a, protein kinase a"
tfr,transferrin receptor
pk,proteinase k
oxr1,oxidase resistance 1
ggf2,glial growth factor 2
rock2,aav.rock2-shrna
psd-95,postsynaptic density protein-95
ppar-γ,peroxisome proliferator-activated receptor-γ
gm-csf,granulocyte macro­ phage colony stimulating factor
dpy,dipyridine
slits,slit-1
odn,oc- todecaneuropeptide
inpp5f,inositol polyphosphate-5- phosphatase f
cs-pg,"chondroitin sulfate proteoglycan, chondroitin sulfate proteoglycan, chon­ droitin sulfate proteoglycans"
pecam-1,platelet-endothelial-cell adhesion molecule 1
fn,fibronectin
o-2a,"oligodendrocyte-type-2 astrocyte, oligodendrocyte-type-2a astrocyte"
wga,wheat germ agglutinin
ptk,protein tyrosine kinase
p5klf4,p5 rgcs
pva,poly(vinyl alcohol)
tmrd,tetramethylrhodamine dextran
prb1,"pressors, such as the retinoblastoma-like 1"
camkii,calcium/calmodulin-dependent kinase type ii
hek293,human embryonic kidney 293
syt,synaptotagmins
pga,poly(glycolic acid)
ka,"kainic acid, kainic acid"
cont,complete optic nerve transection
tzds,thiazolidinediones
prictor,phosphorylated-rictor
ci,collagen i
ulip,unc-33-like phospho­ protein
fluc,firefly luciferase
ncan,neurocan
myt-1,myelin transcription factor 1
pp1,protein-phos- phatase 1
socs,suppressors of cytokine signaling
cl,caprolactone
rhnt-3,recom- binant human nt-3
p(cl,poly(e-caprolactone)
hh,hedgehog
mip-1α,macrophage inflammatory protein 1α
phema,poly(2- hydroxyethyl methacrylate)
omgp,"oligodendrocyte myelin glycopro- tein, oligodendrocyte myelin glycoprotein, oligodendrocyte myelin glycoprotein, oligodendrocyte myelin glycoprotein"
dab,"diaminobenzi­ dine, diaminobenzidine, 3′-diaminobenzidine"
lar,"iia/leukocyte common antigen-related, leukocyte common antigen related phosphatase, leukocyte common antigen-related, leukocyte common antigen receptor"
slpi,secreted leukocyte prote- ase inhibitor
bp,basic protein
afgf,"acidic fi­ broblast growth factor, acidic fibroblast growth factor, acidic fibroblast growth factor"
tnfr,tnf receptor
hna,hu- man nuclear antigen
hoxa-10,hoxa-11 (u20370
gdp,guano- sine diphosphate
opn,osteopontin
tsc1,"tuberous sclerosis 1, tuberous sclerosis complex 1"
map2,"anti-microtubule-associated protein 2, anti-microtubule-associated protein 2"
map kinase,mitogen-activated protein kinase
rh-b,rhodamine-b
pcla,poly(e-caprolactone)-block-poly(l- lactic acid-co-e-caprolactone)
il-4,"interleukin 4, interleukin-4"
trkb,tropomyosin  receptor kinase b
hdac6,histone deacetylase 6
cgmp,"(no)/cyclic guanosine 3',5'-monophosphate"
fak,"focal adhesion kinase, focal adhesion kinase"
gapdh,glyceraldehyde 3-phosphate dehydrogenase
g- csf,granulocyte colony-stimulating factor
pge2,prostaglandin e2
plp-1,proteolipid protein-1
sybii,anti-synaptobrevin ii
fgf-2,"hs(fgf-2, fibroblast growth factor-2, fibroblast growth factor-2, fibroblast growth factor 2"
fgf2,fibroblast growth factor 2
o4,anti-oligodendrocyte marker 4
a,amyloid 
pfn,plasma fibronectin
ctb,cholera toxin b
p(tmc,poly(trimethylene carbonate)
pgipz,shsocs3/pgipz (lenti-shsocs3
stat3,"signal transducer and activator of transcription 3, signal transducers and activators of transcription 3, signal transducer and activator of transcription 3"
af-1,axogenesis factor 1
gfp,"green fluorescent protein, green fluorescent protein"
inos,"inducible nitric oxide synthase, inducible nitric oxide synthase, inducible nos"
tnfa,tumor necrosis factor a
cs-e,chondroitin sulfate-e
igfs,insulin- like growth factors
tgf-ß,transforming growth factor-ß
plap,placental alka- line phosphatase
sod-1,superoxide dismutase-1
mngf,motor nerve growth factor
pip2,phosphoinositol phos- phate 2
emt,epithelial-mesenchymal transition
laminin-1,laminin-3/s-laminin) and cx1- 1-y1
chabc,"chondroitinase-abc, chondroitinase abc, chondroitinase abc"
doc,deoxycholate
am-9,am- gbx (d86369
mycert,c-mycert fusion protein
sybi,anti-synaptobrevin i
ks,"keratan sulfate, keratan sulfate"
ntf,"neurono­ trophic factor, neurotrophic factors"
folr1,folate receptor 1
fatp,transport protein
ntn,neurturin
plgf,placental growth factor
nf-kβ,nuclear factor kappaβ
nf-κb,nuclear factor κ-light-chain-enhancer of activated b cells
phm,peptidylglycine o-hydroxylating mono- oxygenase
soc3,suppressor of the cytokine signaling 3
sema,semaphorin
sg,specialized glia
egfp+,enhanced green fluorescent protein-positive
magr,mag receptor
ppars,"peroxisome proliferator- activated receptors, peroxisome proliferator- activated receptors"
hb-egf,"he- parin-binding egf, heparin-binding egf"
irf5,"interferon regulatory factor 5, interferon regulatory factor 5"
cpt-camp,4(4-chlorophenylthio)-camp
aqp,aquaporin
bzip,basic region­ leucine zipper
civ,collagen iv
sicam-i,soluble intercellular adhesion molecule-i
sema6a,semaphorin 6a
acpase,acid phosphatase
map2a+,microtubule-associated protein 2a-positive
jak,janus kinase
rhamm,receptor for ha-mediated mobility
plg,"poly(lactide-co-glycolide), poly(lactide-co-glycolide)"
fgfs,"fibroblast growth factors, fibroblast growth factors"
dopac,dihydroxyphenylacetic acid
tcep,tris 20 carboxyethyl) phosphine
iba1,anti-ionized calcium binding adapter molecule 1
ppc,phosphocan
p-stat3 tyr,p-stat3 tyr705
timps,"tissue inhibitors of metalloproteases, tissue inhibitors of the mmps"
hbfgf,human bfgf
xbp1,x-box binding protein 1
itga7,integrin alpha 7
cnp,"2,3,-cyclic nucleotide 3'-phosphodiesterase"
mk,midkine
cre,calcium/camp responsive elements
mbcd,methyl-b-cyclodextrin
ptsd,post-trau- matic stress disorder
oncomodulin,
hsyn,"human-specific synaptophysin, human-specific synaptophysin"
pjnk,phosphorylated jnk
psp,persephin
saha,suberoylanilide hydroxamic acid
tnf-,tumor necrosis factor
ttx,"tetrodotoxin, tetrodotoxin"
csat,"cell sub­ stratum     attachment     antibody, cell substratum attachment antibody, cell substratum attchment antibody"
sds,"sodium dodecyl sulfate, sodium dodecyl sulfate"
αtub,α-tubulin
flg,fibroblast growth factor receptor 1
ach4,and rag-specific histone 4 acetylation
plla,poly(l-lactic acid)
rockii,rho-associated kinase ii
hsp70,heat shock protein 70
igf1r,insulin-like growth factor 1 receptor
dii,dimethylformamide
fbn,fibronectin
tenascin,
oh,ocular hypertension
hmgb1,high-mobility group box 1
fmrp,fragile x mental retardation protein
limk1,aav.limk1-shrna
psn,penicillin/streptomycin/neomycin
il-1b,interleukin-1b
hyal-4,hyaluronidase-4
gale,galactocerebroside
l-dopa,l-dihydroxyphenylalanine
drgs,"drgs per sample, 3 mice"
bmg,beta-2 microglobulin
pe,"phosphatidylethanolamine, 13-phyco-erythrin"
erk,"extracellular signal-regulated kinase, extracellular signal-regulated protein kinase"
npy,neuropeptide y
tgfa,transforming growth factor alpha
page,sds-polyacrylamide gel electrophoresis
krab,kruppel-associated box
rgma,repulsive guidance molecule a
rptp,receptor protein tyrosine phosphatase 
rtn4,reticulon 4 gene
fgfr,"fgf receptor, fibroblast growth factor receptor, fgf receptors"
sf,silk fibroin
tace,to overcome mag inhibition. mt-i/ii inhibits a-secretase
co,choles- terol oxidase
pbr,peripheral benzodiazepine receptor
sema3a,semaphorin-3a
igf1,
nogo66,amino-nogo) and the 66-amino-acid extracellular carboxy- terminal fragment
shh,"sonic hedgehog, sonic hedgehog"
atf,activating transcription factor
