pi,phosphatidylinositol,,,,
pe,phosphatidylethanolamine,,,,
sm,sphingomyelin,,,,
hrp,horseradish peroxidase,,,,
ritc,rhodamine isothiocyanate,,,,
dil,-dioctadecyl-3,3,3',3'-tetramethylindocarbocyanine,
dopac,dihydroxyphenylacetic acid,,,,
bp,basic protein,,,,
protein,protein (bp,,,,
fcs,fetal calf serum,,,,
ngf,ngf,50 or 100 ng/ml,,,
gdnpf,glia-derived neurite-promoting factor,,,,
gfap,glial fibrillary acid protein,,,,
mbp,myelin basic protein,,,,
nile,nerve growth factor-inducible large external,,,,
bdnf,brain-derived neu­ rotrophic  factor,,,,
hrp,horse-radish peroxidase,,,,
bdnf,brain-derived neurotrophic factor-like,,,,
cntf,ciliary neurotrophic factor,,,,
nf,neurofilament,,,,
ritc,rhodamine isothiocyanate,,,,
pdgf,platelet-derived growth factor,,,,
gale,galactocerebroside,,,,
gap,"growth­ associated protein""",,,,
p-tubulin,proteins 2,4,25 (a-tubulin),and 26,
map,microtubule associated protein,,,,
carp,carpio; 800-1200 gm,,,,
nc,nitrocellulose,,,,
dab,diaminobenzi­ dine,,,,
bsa,bovine serum albumin,,,,
gfap,glial fibrillar acidic protein,,,,
grap,glial hyaluronate-binding protein,,,,
bhn,brain-specific hyalu­ ronectin,,,,
ach,acetylcholine,,,,
npf,neurite-promoting factor,,,,
ntf,neurono­ trophic factor,,,,
npfs,neurite-promoting factors,,,,
ntfs,neuronotrophic factors,,,,
mfps,matrix-forming precursors,,,,
mngf,motor nerve growth factor,,,,
n-cam,neural cell adhesion molecule,,,,
amp,adenosine monophosphate,,,,
afgf,acidic fi­ broblast growth factor,,,,
hap,horseradish peroxidase,,,,
mf,matrix factor,,,,
pnpfs,polyorni­ thine-attached neurite-promoting factors,,,,
csat,cell sub­ stratum     attachment     antibody,,,,
o-2a,oligodendrocyte-type-2 astrocyte,,,,
galc,galactocerobroside,,,,
dna,deoxyribonucleic  acid,,,,
bfgf,basic fibroblast growth  factor,,,,
tpa,tumour promoting agent,,,,
igg,horse-anti-mouse-immunoglobulin g,,,,
sybii,anti-synaptobrevin ii,,,,
sybi,anti-synaptobrevin i,,,,
syti,anti-synaptotagmin i,,,,
hb-egf igf-1,heparin-binding epidermal growth factor in combination with insulin-like growth fac- tor-1,,,,
ecm,extracellular matrix,,,,
hb-egf,he- parin-binding egf,,,,
igf-1,insulin-like growth factor-1,,,,
il-6,interleukin-6,,,,
pdl,poly- d-lysine,,,,
cspg,chondroitin sulfate proteoglycan,,,,
dapi,4,6-diani- dino-2-phenylindole,,,
hspg,heparan sulfate proteoglycans,,,,
igf,igf-1,,,,
tnf-,tumor necrosis factor,,,,
il-1,interleukin 1,,,,
fgf,fibroblasts growth factor,,,,
mag,myelin-associated glycoprotein,,,,
nt-3,neu­ rotrophin-3,,,,
fgfs,fibroblast growth factors,,,,
fgfr,fgf receptor,,,,
fig,fgf-2 bind fgfr-1,,,,
trk,tyrosine receptor kinases,,,,
acpase,acid phosphatase,,,,
rh-b,rhodamine-b,,,,
nmda,n-methyl-d-aspartate,,,,
ampa,dl-a-amino-3-hydroxy-5-methylisoxa­ zole-propionic acid,,,,
tnf-a,tumor necrosis factor-a,,,,
plp,pro­ teolipid protein,,,,
fgf,fibroblast growth factor,,,,
cntf,ciliary neurotrophic factor,,,,
lif,leukemia inhib­ itory factor,,,,
cams,cell adhesion molecules,,,,
hs,heparan sulfate,,,,
cs,chondroitin sulfate,,,,
ks,keratan sulfate,,,,
trh,thyrotropin-releasing hor­ mone,,,,
ng-cam,neuron-glia cell adhesion molecule,,,,
cs-pg,chondroitin sulfate proteoglycan,,,,
ngf,nerve growth factor,,,,
bdnf,brain derived neurotrophic factor,,,,
gfap,glial fibrillary acidic protein,,,,
mag,myelin-associated glycoprotein,,,,
cspgs,chon- droitin sulfate proteoglycans,,,,
mif,macrophage inhibitory factor,,,,
bsa,bovine serum albumin,,,,
nt-3,neurotrophin-3,,,,
fgfs,fibroblast growth factors,,,,
lhrh,luteinizing hormone- releasing hormone,,,,
igf-i,insulin-like growth factor i,,,,
bfgf,basic fibroblast growth factor,,,,
dmem,dulbecco’s modified eagle’s medium,,,,
fcs,fetal calf serum,,,,
nos,nitric oxide synthase,,,,
ps,phosphatidylserine,,,,
egf,epidermal growth factor,,,,
hb-egf,heparin-binding egf,,,,
igf-1,insulin growth factor-1,,,,
pdgf,platelet-derived growth factor,,,,
no,nitric oxide,,,,
magr,mag receptor,,,,
ka,kainic acid,,,,
mptp,1-methyl-4-phenyl-1,2,3,6-tetrahydro­ pyridine,
m.,monosialoganglioside (gml,,,,
ache,acetylcholinesterase,,,,
cs-pg,chondroitin sulfate proteoglycan,,,,
ssea-1,stage-specific embryonic antigen-1,,,,
gag,glycosaminoglycan,,,,
pnp,p-nitro-phenyl--d-xylopyranoside,,,,
mu,methyl- umbelliferyl -d-xyloside,,,,
mag,myelin-associated glycoprotein,,,,
pi-plc,phosphatidylinositol phospholipase c,,,,
hrp,anti-horseradish peroxidase,,,,
dil,docarbocyanine perchlorate,,,,
ln,laminin,,,,
pll,poly­ l-lysine,,,,
mbp,myelin basic protein,,,,
plp,proteolipid protein,,,,
nbt,nitroblue tetrazolium) and bcip (5-bromo-4-chloro-3-indolyl phosphate,,,,
ttx,tetrodotoxin,,,,
ngf,nerve growth factor,,,,
ni,neurite growth inhibitors,,,,
wga-hrp,wheat germ ag­ glutinin horseradish peroxidase,,,,
af-1,axogenesis factor 1,,,,
bdnf,brain-de­ rived neurotrophic factor,,,,
nt-3,neurotrophic factor 3,,,,
pk,proteinase k,,,,
ra,retinoic acid,,,,
galc,galactocerebroside,,,,
gfap,glial fibrillary acidic protein,,,,
app,amyloid precursor  protein,,,,
kpi,kunitz-type protease inhibitor,,,,
sds,sodium dodecyl sulfate,,,,
page,sds-polyacrylamide gel electrophoresis,,,,
lane 14,lane 12) and absent at 24 h,,,,
cspg,chondroitin-6- sulphate proteoglyca n,,,,
egf,epidermal  growth  factor,,,,
mif,macrophage in­ hibitory factor,,,,
bfgf,basic fibroblast growth factor,,,,
bdnf,brain-derived neurotrophic factor,,,,
msf,macrophage stimulating factor,,,,
mops,morpholino)propanesulfonic acid,,,,
am,fluo-3/acetomethoxyester,,,,
dnqx,6,7-dinitroquinoxaline-2,3-dione,,
ttx,tetrodotoxin,,,,
pll,poly-l-lysine,,,,
fgf,fibroblast growth factor,,,,
il-1,inyerleukin 1,,,,
tnf alpha,tumour necrosis factor alpha,,,,
cs,chondroitin sulfate,,,,
hs,heparan sulfate,,,,
fgfr,fibroblast growth factor receptor,,,,
fgf-2,hs(fgf-2,,,,
hb-gam,heparin- binding growth-associated molecule,,,,
nmda,n-methyl-d-aspartate,,,,
aps,5-aminophosphonopentanoic acid,,,,
camkii,calcium/calmodulin-dependent kinase type ii,,,,
pka,protein kinase a,,,,
pkc,protein kinase c,,,,
pkg,protein kinase g,,,,
ppi,phosphatase i,,,,
tpa,tetradecanoyl phorbol acetate,,,,
wga-hrp,wheat germ agglutinin-horseradish peroxidase,,,,
n-cam,neural cell adhesion molecule,,,,
csat,cell substratum attachment antibody,,,,
mag,myelin-associated glycoprotein,,,,
gap-43,growth-associated protein 43,,,,
n-cam,neural cell adhesion molecule,,,,
tn-c,tenascin c,,,,
gfap,glial fibrillary acidic protein,,,,
cgrp,calcitonin gene-related peptide-,,,,
timps,tissue inhibitors of metalloproteases,,,,
wga-hrp,wheatgerm agglutinin– conjugated horseradish peroxidase,,,,
brdu,bromodeoxyuridine,,,,
gst,glutathione s-transferase,,,,
egf-l,epidermal growth factor-like repeats with the cysteine-rich sequences,,,,
laminin,laminin ( b,,,,
rmag,recombinant mag,,,,
nmag,native mag,,,,
pak1,p21- activated kinase 1,,,,
crmp,collapsin response mediator protein,,,,
sema,semaphorin,,,,
npn-1,neuropilin-1,,,,
xcrmp-2,xenopus homologue  of the crmp-2,,,,
dhp,dihydropyrimidinase,,,,
ulip,unc-33-like phospho­ protein,,,,
naa,n-acetyl aspartate,,,,
canp,calcium activated neutral proteinases,,,,
klfs,krüppel-like family of transcription factors,,,,
omgp,oligodendrocyte myelin glycopro- tein,,,,
apc,anaphase promoting complex,,,,
klf4,krüppel-like factor 4,,,,
plga,poly(lactic-co-glycolic acid),,,,
phpma,poly n-2-hydroxypropyl- methacrylamide,,,,
dbcamp,dibutyryl cyclic adeno- sine monophosphate,,,,
vegf,vascular endothelial growth factor,,,,
cn- pase,3′-cyclic-nucleotide 3′-phosphodiesterase,,,,
plp-1,proteolipid protein-1,,,,
lingo-1,leucine-rich repeat and ig-containing nogo receptor,,,,
csl,cbf1/su(h)/lag1,,,,
rhoa,ras homolog gene family member a,,,,
mrf,myelin gene regulatory factor,,,,
zfp191,zinc finger protein 191,,,,
psa-ncam,polysialylated neuronal cell adhesion mol- ecule,,,,
nmda,n-methyl d-aspartate,,,,
ampa,alpha-amino-3-hydroxy-5-methylisoxazoleproprionate,,,,
nf-kβ,nuclear factor kappaβ,,,,
tzds,thiazolidinediones,,,,
pla2,phospholipase a2,,,,
vpa,valproic acid,,,,
hdac,histone deacetylase,,,,
mag,myelin associated glycoprotein,,,,
omgp,oligodendrocyte myelin glycoprotein,,,,
nt3,neurotrophin-3,,,,
shh,sonic hedgehog,,,,
plg,poly(lactide-co-glycolide),,,,
fluc,firefly luciferase,,,,
gfap,glial fibrillary acidic protein,,,,
galc,galactosylceramidase,,,,
o-2a,oligodendrocyte-type-2a astrocyte,,,,
brdu,5-bromo-deoxyuridine,,,,
mmps,matrix metalloproteinases,,,,
damps,damage-associated molecular patterns,,,,
ha,hyaluronan,,,,
rhamm,receptor for ha-mediated mobility,,,,
cs,chondroitin sulfate,,,,
ds,dermatan sulfate,,,,
ks,keratan sulfate,,,,
hs,heparan sulfate,,,,
chabc,chondroitinase-abc,,,,
cgrp,calcitonin gene related peptide,,,,
ccc,cation-chloride-cotransporters,,,,
lc3-ii,lc3-ii,lipidated,,,
cl,caprolactone,,,,
tmc,trimethylene carbonate,,,,
mais,myelin-associated inhibitors,,,,
gsk3b,glycogen synthase kinase 3b,,,,
bio,bromoindirubin-39-acetoxime,,,,
p(tmc,poly(trimethylene carbonate),,,,
p(cl,poly(e-caprolactone),,,,
p(tmc-cl,poly(trimethylene carbonate-co-e-caprolactone),,,,
gsk3,glycogen synthase kinase 3,,,,
dmso,dimethyl sulfoxide,,,,
o4,anti-oligodendrocyte marker 4,,,,
mbp,anti-myelin basic protein,,,,
mops,morpholino)propanesulfonic acid,,,,
egta,ethylene glycol tetraacetic acid,,,,
edta,ethylenediaminetetraacetic acid,,,,
dtt,dl-dithiothreitol,,,,
pmsf,phenyl- methanesulfonyl fluoride,,,,
bsa,bovine serum albumin,,,,
pfa,paraformaldehyde,,,,
cspgs,chondroitin sulfate proteoglycans,,,,
plga,poly (lactic-co- glycolic) acid,,,,
tianjin,tianjin,,,,
ngr,nogo receptor,,,,
αtub,α-tubulin,,,,
hgf,hepatocyte growth factor,,,,
sdf-1,stromal cell-derived factor 1,,,,
ang2,angiopoietin 2,,,,
egf,epidermal growth factor,,,,
plgf,placental growth factor,,,,
et-1,endothelin-1,,,,
igf-1,insulin-like growth factor 1,,,,
bmg,beta-2 microglobulin,,,,
lif,leukemia inhibitory  factor,,,,
fgf-2,fibroblast growth factor-2,,,,
dha,docosahexaenoic acid,,,,
gba,glucocerebrosidase,,,,
jun/stat6,jun oncogene/signal transducer and activator of transcription 6,,,,
gap43,growth associated protein 43,,,,
itga7,integrin alpha 7,,,,
stat3,signal transducer and activator of transcription 3,,,,
stat6,signal transducer and activator of transcription 6,,,,
egfp,2a-enhanced green fluorescent protein,,,,
oxr1,oxidase resistance 1,,,,
bhlhe40,basic helix-loop-helix family member e40,,,,
cgns,cerebellar granular neurons,,,,
ln,laminin,,,,
tgfβ,transforming growth factor-β,,,,
lar,iia/leukocyte common antigen-related,,,,
hspgs,heparan sulfate proteoglycans,,,,
afgf,acidic fibroblast growth factor,,,,
pfa,paraformalde- hyde,,,,
slits,slit-1,-2,-3) and their receptors (robo-1,-2,-3
sema6a,semaphorin 6a,,,,
sema7a,semaphorin 7a,,,,
syncam,synaptic cell adhesion molecules,,,,
nl1,neuroligin-1,,,,
nl4,neuroligin-4,,,,
eph,ephrins and their receptors,,,,
syncams,synaptic cell adhesion mole- cules,,,,
pten,phosphatase and tensin,,,,
socs3,suppressor of cytokine signaling 3,,,,
vegf,vascular endothelial growth factor,,,,
cntf,ciliary neurotrophic factor,,,,
spion,superparamagnetic iron oxide,,,,
gap-43,anti-growth-associated protein 43,,,,
dii,dimethylformamide,sigma,,,
erk,extracellular signal-regulated kinase,,,,
nf-κb,nuclear factor κ-light-chain-enhancer of activated b cells,,,,
il-6,interleukin-6,,,,
il-8,interleukin-8,,,,
mcp1,monocyte chemotactic protein-1,,,,
icam-1,intercellular adhesion molecule-1,,,,
vcam-1,vascular cell adhesion molecule-1,,,,
ask1,apoptosis signal regulating kinase 1,,,,
tlr,toll-like receptor,,,,
hmg-1,high mobility group 1 protein,,,,
omgp,oligodendrocyte myelin glycoprotein,,,,
cspgs,chondroitin sulfate proteoglycans,,,,
chabc,chondroitinase abc,,,,
hats,histone acetyl transferases,,,,
hdacs,histone deacetylases,,,,
ach4,and rag-specific histone 4 acetylation,,,,
tsa,trichostatin a,,,,
ach3,acetylation levels of histone 3,,,,
p/caf,p300/cbp-associated factor,,,,
ascl1,achaete-scute complex-like 1,,,,
ifnγ,interferon-γ,,,,
il-4,interleukin 4,,,,
lps,lipopolysaccharide,,,,
saha,suberoylanilide hydroxamic acid,,,,
opcs,oligodendrocyte progenitor cells,,,,
bmps,bone morphogenetic proteins,,,,
hdac,histone deacetylase,,,,
hmts,histone methyltransferases,,,,
hdms,histone demethylases,,,,
dnmts,dna methytransferases,,,,
hme,histone-modifying enzyme,,,,
hsps,heat shock proteins,,,,
gga,geranylgeranylacetate,,,,
rbpms,rna binding protein with multiple splicing,,,,
t- pbs,twice in 0.01m pbs with triton-x,,,,
abc,avidin-biotin complex,,,,
hsp90,heat shock protein 90,,,,
th,tyrosine hy- droxylase,,,,
rock,rho-associated coiled-coil-containing protein kinase,,,,
jnk,c-jun nh2-terminal kinase,,,,
cont,complete optic nerve transection,,,,
pont,partial optic nerve tran- section,,,,
oh,ocular hypertension,,,,
dna,deoxyribonucleic acid,,,,
parp,poly(adp-ribose) polymerase,,,,
mnsod,manganese superoxide dismutase,,,,
ampa,α-amino-3-hydroxy-5-methyl-4-isox- azolepropionic acid,,,,
p-c-jun,pho-c-jun,,,,
aqp-4,aquaporin 4,,,,
gad- d45α,growth arrest and dna damage inducible gene 45α,,,,
ei24,etoposide-in- duced protein 2.4 homolog,,,,
iap-1,inhibitor of apoptosis protein-1,,,,
ptpσ,protein tyrosine phosphatase σ,,,,
lar,leukocyte common antigen related phosphatase,,,,
gag,glycosaminoglycan,,,,
ngr,nogo receptor,,,,
bda,biotin dextran amine,,,,
dab,diaminobenzidine,,,,
ncam,neural cell adhesion molecule,,,,
no,nitrous oxide,,,,
gdnf,glial cell line-derived neurotrophic factor,,,,
postn,periostin,,,,
bmp,bone mor- phogenetic protein,,,,
anti-fak,anti-focal adhesion kinase,,,,
fak,focal adhesion kinase,,,,
ngr1,nogo-66 receptor 1,,,,
troy,tnf□ receptor superfamily member 19,,,,
pe,13-phyco-erythrin,,,,
cy7,cyanine 7,,,,
cd13-pc7,cluster of differentiation 13-phyco-erythrin (pe) cyanine 7 (cy7),,,,
fitc,cd44-fluorescein isothiocyanate,,,,
gfp,green fluorescent protein,,,,
map2,anti-microtubule-associated protein 2,,,,
mbp,myelin basic protein,,,,
pdgfr,platelet-derived growth factor receptor,,,,
ae1,acetylcholinestrase-1) (i–l,,,,
sac,soluble adenylyl cyclase,,,,
ac,adenylyl cyclase,,,,
pka,protein kinase a,,,,
ngf,nerve growth factor,,,,
nt-3,neurotrophin-3,,,,
rtks,receptor tyrosine kinases,,,,
trk,tropomyosin receptor kinase,,,,
pacap,pituitary adenylyl cyclase-activating peptide,,,,
creb,camp response element binding protein,,,,
acs,adenylyl cyclases,,,,
gpcrs,g-protein coupled receptors,,,,
map kinase,mitogen-activated protein kinase,,,,
ca,carbonic anhydrase,,,,
cs-gag,chondroitin sulfate glycosaminoglycan side chains,,,,
rptp,receptor-type protein tyrosine phosphatase,,,,
ng2,neuron-glial antigen 2,,,,
glca,glucuronate disaccharide,,,,
mptp,1-methyl-4-phenyl-1,2,5,6-tetrahydropyridine,
inos,inducible nitric oxide synthase,,,,
sod-1,superoxide dismutase-1,,,,
hspgs,heparan sulfate proteoglycans,,,,
dspgs,dermatan sulfate proteoglycans,,,,
pkc,protein kinase c,,,,
n-cam,neural cell adhesion molecules,,,,
ptp,protein tyrosine phosphatase sigma,,,,
ngr3,nogo 66 receptor 3,,,,
chpf,chondroitin polymerizing factor,,,,
xt-1,xylosyltransferase-1,,,,
tnfbp,tnf binding protein,,,,
ryk,kinase-related tyrosine kinase,,,,
apkc,atypical protein kinase c,,,,
olig2,oligodendrocyte lineate transcription factor 2,,,,
klf,kruppel-like transcription factor,,,,
p5klf6,p5klf4) or the axon growth enhancer klf6,,,,
p5klf4,p5 rgcs,the axon growth suppressor klf4,,,
p5,p5klf4 (light gray,,,,
mtorc1,mammalian target of rapamycin complex 1,,,,
pten,phosphatase and tensin homolog,,,,
s6k1,s6 kinase 1,,,,
tsc1,tuberous sclerosis 1,,,,
s6k,s6 kinase,,,,
s6,s6,,,,
ps6,phosphorylated form of s6,,,,
irs-1,insulin receptor substrate 1,,,,
pakt,phosphorylated akt,,,,
fmrp,fragile x mental retardation protein,,,,
peg,polyethylene glycol,,,,
cscl,cesium chloride,,,,
mtor,mammalian target of rapamycin,,,,
cl-p1,collectin placenta 1,,,,
lrp1,lipoprotein-related protein 1,,,,
stat3,signal transducers and activators of transcription 3,,,,
hmgb1,high-mobility group box 1,,,,
ros,reactive oxygen species,,,,
ccl17,c motif) ligand17,,,,
tnf-α,tumor necrosis factor α,,,,
stat6,signal transducers and activators of tran- scription 6,,,,
igf-1,insulin- like growth factor-1,,,,
nadph,nicotinamide adenine dinucleotide phosphate,,,,
cox-2,cyclooxygenase-2,,,,
inos,inducible nitric oxide synthase,,,,
oxpc,oxidized phosphatidylcho- line,,,,
klf2,kruppel-like factor 2,,,,
irf5,interferon regulatory factor 5,,,,
ppars,peroxisome proliferator- activated receptors,,,,
ppre,ppar-responsive element,,,,
pkcα,protein kinase c-α,,,,
bsa,bovine serum albumin,,,,
bda,biotin dextran amine,,,,
limk,lim domain kinase,,,,
crmp2,collapsin response mediator protein 2,,,,
egfp,aav.egfp-shrna,,,,
rock2,aav.rock2-shrna,,,,
limk1,aav.limk1-shrna,,,,
p-s6,protein  s6,,,,
rockii,rho-associated kinase ii,,,,
gfp,green fluorescent protein,,,,
krab,kruppel-associated box,,,,
nim,neural induction medium,,,,
pfa,paraformaldehyde,,,,
igg,immunoglobulin g,,,,
sds,sodium dodecyl sulfate,,,,
ptpσ,protein tyrosine phosphatase σ,,,,
lar,leukocyte common antigen-related,,,,
ngr,nogo receptors 1 and 3,,,,
erk1/2,extracellular signal-regulated kinase 1/2,,,,
psn,penicillin/streptomycin/neomycin,,,,
sigma,sigmafast protease inhibitor,,,,
ptp,protein-tyrosine phosphatase,,,,
ptp delta,protein tyrosine phosphatase delta,,,,
sfk,src family kinase,,,,
chat,choline acetyltransferase,,,,
nf,neurofilament,,,,
vglut1,vesicular glutamate transporter 1,,,,
rfp,red fluorescent protein,,,,
syn,synaptophysin,,,,
hsyn,human-specific synaptophysin,,,,
zrf-1,zrf-1,,,,
krx-20,krox-20 gene,,,,
brdu,bromodeoxyuridine,,,,
gfap,anti-glial fibrillary acidic protein,,,,
iba1,anti-ionized calcium binding adapter molecule 1,,,,
mos,morpholino-modified antisense oligonucleotides,,,,
p-stat3,anti-phospho-stat3,,,,
rag,regeneration-associated genes,,,,
atf3,activating transcription factor 3,,,,
hh,hedgehog,,,,
ihh,indian hedgehog,,,,
nlcam,neurolin-like cell adhesion molecule,,,,
fgf-2,fibroblast growth factor-2,,,,
bfgf,basic fibroblast growth factor,,,,
ha,hyaluronic acid,,,,
cspgs,chondroitin-sulfated proteoglycans,,,,
il-4,interleukin-4,,,,
gag,glycosami- noglycan,,,,
cspgs,chondroitin sulfate proteoglycans,,,,
s1pr2,sphingosine-1-phosphate receptor 2,,,,
rock,reorganization by activating rho kinase,,,,
mif,macrophage inhibitory factor,,,,
fgf,fibro- blast growth factor,,,,
lpa,lysophosphatidic acid,,,,
tcr,t cell receptor,,,,
ros,reactive oxygen species,,,,
trks,ty- rosine kinase neurotrophic receptors,,,,
nt-3,neurotrophin-3,,,,
sf,silk fibroin,,,,
pcla,poly(e-caprolactone)-block-poly(l- lactic acid-co-e-caprolactone),,,,
scaffolds,scaffolds (conduits,,,,
fbs,fetal bovine serum,,,,
bsa,bovine serum albumin,,,,
bbb,blood- brain barrier,,,,
acan,aggrecan,,,,
vcan,versican,,,,
ncan,neurocan,,,,
bcan,brevican,,,,
ii,intrinsic neuronal factors;,,,,
egf-,epidermal growth factor-,,,,
crp-,complement regulatory protein-,,,,
fniii,fibronectin type iii,,,,
ifn-γ,interferon-γ,,,,
il-1β,interleukin-1β,,,,
lif,leukemia inhibitory factor,,,,
inos,inducible nos,,,,
tgf-β,transforming growth factor β,,,,
ccl5,c-c motif) ligand 5,,,,
nadph,nicotinamide adenine dinucleotide phosphate,,,,
mr,molecular mass,,,,
il-1ra,il-1 receptor an- tagonist,,,,
lar,leukocyte common antigen receptor,,,,
opcs,oligodendrocyte precursor cells,,,,
gfap,glial fibrillary acidic protein,,,,
socs3,suppressor of cytokine signaling 3,,,,
stat3,signal transducer and activator of transcription 3,,,,
kspgs,keratan sulfate proteoglycans,,,,
ptp,protein-tyrosine phosphatase,,,,
chabc,chondroitinase abc,,,,
cs-e,chondroitin sulfate-e,,,,
adamts-4,and metalloprotease with thrombospondin motifs 4,,,,
hspgs,heparan sulfate proteoglycans,,,,
ngr1,nogo receptor 1,,,,
mag,myelin- associated glycoprotein,,,,
gsk-3β,glycogen synthase kinase 3β,,,,
pkc,protein kinase c,,,,
crmp2,collapsin response mediator protein 2,,,,
tpa,type plasminogen activator,,,,
c6st1,chondroitin 6-o-sulfotransferase 1,,,,
ha,hyaluronic acid,,,,
ppc,phosphocan,,,,
npc,neural precursor cell,,,,
pro-mmp-9,pro- matrix metalloproteinase-9,,,,
cspg,chon- droitin sulfate proteoglycans,,,,
bmp-7,bone morphogenetic protein-7,,,,
stat,signal transducer and activator of tran- scription,,,,
jak,janus kinase,,,,
socs,suppressors of cytokine signaling,,,,
ppar-γ,peroxisome proliferator-activated receptor-γ,,,,
irf,interferon response factors,,,,
c/ebp-β,ccaat- enhancer-binding protein-β,,,,
mmp-9,matrix metalloproteinase-9,,,,
nrn1,neuritin 1,,,,
nf,neurofila- ment,,,,
syt,synaptotagmins,,,,
g- csf,granulocyte colony-stimulating factor,,,,
slpi,secreted leukocyte prote- ase inhibitor,,,,
g-csf,granulo- cyte colony-stimulating factor,,,,
nf-kb,nuclear factor-kb,,,,
id2,inhibitor of dna binding 2,,,,
cralbp,cellular retinaldehyde-binding protein,,,,
mbp,myelin basic protein,,,,
b-gal,b-galactosidase,,,,
ctx,cholera toxin b subunit,,,,
emi1,early mitotic inhibitor  1,,,,
brdu,bromodeoxyuridine,,,,
kab-raf,kinase-activated b-raf,,,,
pmek1/2,phospho-mek1/2,,,,
cgrp,calcitonin gene related peptide,,,,
sema6,semaphorin 6c/d,,,,
parv,parvalbumin,,,,
babb,benzoyl alcohol/benzoyl benzoate,,,,
erk,extracellular signal-regulated protein kinase,,,,
hdac6,histone deacetylase 6,,,,
hgf,hepatocyte growth factor alpha chain,,,,
cntf,ciliary neurotrophic factor,,,,
dapi,6-diamidino-2-phenylindole,,,,
s9,serine 9,,,,
ctb,cholera toxin b,,,,
fgf-2,fibroblast growth factor 2,,,,
vegf,vascular endothelial growth factor,,,,
il-6,inter- leukin-6,,,,
il-1,interleukin-1,,,,
egfp,enhanced green fluorescent protein,,,,
th,thyroid hormone,,,,
creb,camp response element-binding protein,,,,
erk1/2,extracellular signal-regulated kinase 1/2,,,,
cnp,"2,3,-cyclic nucleotide 3'-phosphodiesterase",,,,
gapdh,glyceraldehyde 3-phosphate dehydrogenase,,,,
lc,lesion control,,,,
omgp,oligodendrocyte myelin glycoprotein,,,,
rgm,repulsive guidance molecule,,,,
gefs,guanine exchange factors,,,,
gdp,guano- sine diphosphate,,,,
gtp,guanosine triphosphate,,,,
rbd,rho-binding domain,,,,
camp,clic adenosine monophosphate,,,,
ngr,nogo-66 combined with its receptor,,,,
rhogdi,rho gdp-dissociation inhibitor,,,,
lim,"lin-11, isl-1, and mec-3",,,,
mhc,major histocompatibility complex,,,,
gpcr,g protein-coupled receptor,,,,
mlc,myosin light chain,,,,
lmo4,lim domain only 4,,,,
c3,c3 transferase,,,,
trk,tyro- sine kinase,,,,
mptp,"1-methyl-4- phenyl-1,2,3,6- tetrahydropyridine",,,,
hmg-coa,hydroxy-methylglutaryl-coenzyme a,,,,
tlr-4,toll-like receptor- 4,,,,
s1p,sphingosine-1-phosphate,,,,
aqp9,aquaporin 9,,,,
aqp4,aquaporin 4,,,,
aqp,aquaporin,,,,
bda,biotin dextran amine,,,,
baab,benzyl alcohol and benzyl benzoate,,,,
anti-gfp,anti-gfp (aves,,,,
pten,phatase and tensin homolog,,,,
nfat,nuclear factor of activated t-cells,,,,
mmtv,mammary  tumor  virus,,,,
a,amyloid ,,,,
rhoa,ras homolog gene family member a,,,,
fak,focal adhesion kinase,,,,
nf-b,nuclear factor -light-chain-enhancer of activated b-cells,,,,
cox-2,cyclooxygenase-2,,,,
bfgf,basic fibroblast growth factor,,,,
mp,myotubularin-related protein (mtmr,,,,
tgf-1,transforming growth factor-1,,,,
mmps,ma- trix metalloproteinases,,,,
egf,epidermal growth factor,,,,
hspg,heparin sulfate proteoglycan,,,,
mk,midkine,,,,
cspg4,chondroitin sulfate proteoglycan 4,,,,
ggf2,glial growth factor 2,,,,
rptp,receptor protein tyrosine phosphatase ,,,,
atf-2,activating tran- scription factor 2,,,,
jak2,janus kinase 2,,,,
dbcamp,dibutyryl camp,,,,
cgmp,"(no)/cyclic guanosine 3',5'-monophosphate",,,,
pka,protein kinase a,,,,
cpt-camp,4(4-chlorophenylthio)-camp,,,,
camp-dpk,camp-dependent phosphokinase,,,,
pde4,phosphodiesterase 4,,,,
rtk,receptor tyrosine kinase,,,,
pip2,phosphoinositol phos- phate 2,,,,
pip3,phosphoinositol phosphate 3,,,,
pdpk1/2,phosphoinositide dependent pro- tein kinase-1 and 2,,,,
pi3k,phosphatidylinosi- tide 3-kinase,,,,
pdpk1,phoinositide-dependent protein kinase 1,,,,
tsc1/2,tuberous sclerosis complexes 1 and 2,,,,
rheb1,ras homolog enriched in brain 1,,,,
mtor,mammalian target of rapamycin,,,,
gsk3b,glycogen synthetase kinase 3 beta,,,,
prb1,"pressors, such as the retinoblastoma-like 1",,,,
mirna-21,microrna-21,,,,
gfap+,glial fibrillary acidic protein positive,,,,
soc3,suppressor of the cytokine signaling 3,,,,
rho gdi,rho p21 and its inhibitory gdp/gtp exchange protein,,,,
mscs,mal stem cells [52],,,,
blys,b lymphocyte stimu- lator,,,,
tnfsf,tumor necrosis factor superfamily,,,,
bmp,bone morphogenic proteins,,,,
lel,lycopersicon esculentum lectin,,,,
il6,"interleukin 6, increased",,,,
il1rn,"il1 receptor antagonist, decreased",,,,
map1b,microtubule-associated protein 1b,,,,
pp2a,phosphatase 2a,,,,
il,interleukin,,,,
emt,epithelial-mesenchymal transition,,,,
dic,differential interference contrast) (h,,,,
em,epithelial-mesnchymal,,,,
nsc,neural stem cell,,,,
ep,ependyma,,,,
arrow,are covered by their own base- ment membrane,,,,
gdf11,growth and differentiation factor 11,,,,
folr1,folate receptor 1,,,,
tmb,tetramethyl benzedine,,,,
atf3,activating transcription factor 3,,,,
atra,all-trans retinoic acid,,,,
mmp-2,"matrix 
metalloproteinase-2",,,,
pst,polysialyltransferase,,,,
psa,polysialic acid,,,,
rgma,repulsive guidance molecule a,,,,
tfr,transferrin receptor,,,,
mbcd,methyl-b-cyclodextrin,,,,
ap,alkaline phosphatase,,,,
hek293,human embryonic kidney 293,,,,
co,choles- terol oxidase,,,,
pi,propidium iodide,,,,
neo,neogenin,,,,
fitc,ctb-fluores- cein isothiocyanate,,,,
tap,tobacco acid pyrophosphatase,,,,
tmrd,tetramethylrhodamine dextran,,,,
tsc1,tuberous sclerosis complex 1,,,,
bpv,bisperoxovanadium,,,,
p-s6,protein s6,,,,
p- erk,"p-s6), erk1/2",,,,
s6,"p-s6), erk1/2 (p- erk",,,,
p-akt,erk) and akt,,,,
t-akt,"total proteins of pten, akt",,,,
t-gsk,"t-akt), gsk-3β",,,,
akt,"t-akt), gsk-3β (t-gsk",,,,
biorp,biotinylated rp,,,,
p-gsk,phosphorylated gsk-3β at ser9,,,,
biop2,biopap2,,,,
biop4,biopap4,,,,
p2,pap2,,,,
sema3a,semaphorin-3a,,,,
gal-1,galectin-1,,,,
nrp-1,neuropilin-1,,,,
plexina4,(nrp-1)/plexina a4,,,,
d-gal-1,de gal-1 recombinante,,,,
hdac5,his- tone deacetylase 5,,,,
gsk3β,glycogen synthase kinase 3β,,,,
crmp-2,collapsin response mediator protein 2,,,,
clasp2,cytoplasmic linker associated protein 2,,,,
ct-b,cholera toxin subunit b,,,,
yfp,yellow fluorescent protein,,,,
cre+wt/wt,cre+gsk3βwt/wt,,,,
mops,4-morpholinepropanesulfonic acid,,,,
egta,ene glycol tetraacetic acid,,,,
edta,ethylenedi- aminetetraacetic acid,,,,
pmsf,phenylmethylsulfonyl fluoride,,,,
tbst,tris-buffered saline containing 0.1% tween-20,,,,
hepes,4-(2-hydroxyethyl)-1-piperazineethane- sulfonic acid,,,,
gsk3,glycogen synthase kinase-3,,,,
gsk3beta,glycogen synthase kinase 3 beta,,,,
prx,periaxin,,,,
egr2,early growth response 2 gene,,,,
nrdg1,n-myc downstream-regulated gene-1,,,,
psd-95,postsynaptic density protein-95,,,,
dlg,discs large tumour suppressor gene,,,,
lngfr,low affinity ngf receptor,,,,
ngfr,ngf and its receptor,,,,
igfbp-2,insulin-like growth factor binding protein-2,,,,
tubulin,tubulin isotype,,,,
ncam,neural cell adhesion molecule,,,,
fsk,forskolin,,,,
bme,b-mercaptoethanol,,,,
ra,retinoic acid,,,,
hrg,heregulin,,,,
omp,olfactory marker pro- tein,,,,
ngn-1,neurogenin-1,,,,
mebr,methyl bromide gas,,,,
nt3,neurotrophin 3,,,,
ampa,-amino-3-hydroxy-5-methyl-4- isoxazolepropionic acid,,,,
nos,nitric oxide synthase,,,,
nogo,nogo-a,,,,
nimp,nogo-interacting mitochondrial protein,,,,
rtn4,reticulon 4 gene,,,,
gaps,gtpase activating proteins,,,,
wga-hrp,wheat germ agglutinin-horse radish peroxidase,,,,
hrp,horseradish peroxidase,,,,
cs-pg,chon­ droitin sulfate proteoglycans,,,,
pdgf,platelet derived growth factor,,,,
gags,glycosaminoglycan chains,,,,
tgf-,transforming growth factor-,,,,
cs-pgs,chondroitin sulphate proteoglycans,,,,
drgs,"drgs per sample, 3 mice",,,,
cs-gag,class of proteins with sulfated glyco- saminoglycan,,,,
opn,osteopontin,,,,
nrs,normal rabbit serum,,,,
p-c-jun,phosphorylated c-jun,,,,
atf,activating transcription factor,,,,
dab,3′-diaminobenzidine,,,,
at2,angiotensin ii type 2,,,,
igf-i,insulin-like growth factor-i,,,,
tgf/3,transform- ing growth factor-/3,,,,
mcp-1,monocyte chemoattractant protein-1,,,,
igfs,insulin- like growth factors,,,,
csat,cell substratum attchment antibody,,,,
tdt,terminal deoxynucleotidyl transferase,,,,
nmda,n-methyl-d- aspartate,,,,
afgf,acidic fibroblast growth factor,,,,
caspases,"cas- pases-1, -3, -4, -7",,,,
ghap,glial hya- luronate-binding protein,,,,
nogo-a,nogo-b and -c,,,,
mog,myelin oligodendrocyte glycoprotein,,,,
mosp,myelin / oligodendrocyte-specific protein,,,,
ntf,neurotrophic factors,,,,
tgf,trans- forming growth factor,,,,
igf,insulin-derived growth factors,,,,
np-1,neuropilin-1,,,,
apv,2-amino-5- phosphonovaleric acid,,,,
nogo66,amino-nogo) and the 66-amino-acid extracellular carboxy- terminal fragment,,,,
gst,glutathione-s-transferase,,,,
ng66r,nogo66 receptor,,,,
npy,neuropeptide y,,,,
pam,peptidylglycine o-amidating monooxygenase,,,,
phm,peptidylglycine o-hydroxylating mono- oxygenase,,,,
pal,peptidyl o-hydroxyglycine o-amidating lyase,,,,
pthrp,parathyroid hormone-related peptide,,,,
vip,vasoactive intestinal peptide,,,,
pacap,pituitary adenylate cyclase-activating polypeptide,,,,
cpe,carboxypeptidase e,,,,
lhrh,luteinizing hormone-releasing hormone,,,,
ara-c,arabinoside c,,,,
map,mitogen-activated protein,,,,
l-dopa,l-dihydroxyphenylalanine,,,,
tnf-a,tumor necrosis factor-a,,,,
tgf-b,"transforming al., 1991). growth factor-b",,,,
ifn-g,interferon-g,,,,
pge2,prostaglandin e2,,,,
cop-1,copolymer-1 1999a).,,,,
plla,poly(l-lactic acid),,,,
vldls,very low-density lipopro- teins,,,,
fat,fa transporter,,,,
fatp,transport protein,,,,
fabp,fatty acid-binding protein,,,,
adifab,acrylodan-labelled i-fabp,,,,
ppars,peroxisome proliferator- activated receptors,,,,
mdgi,mammary- derived growth inhibitor,,,,
dha,docosahexaenoic acid,,,,
oa/aa,oleic and arachidonic acid,,,,
pa,palmitic acid,,,,
apc,anti-adenomatous polyposis coli,,,,
il-1b,interleukin-1b,,,,
oegs,olfactory ensheathing glial cells,,,,
npt,neomycin phosphotransferase,,,,
ires,internal ribosome entry site,,,,
smp,schwann cell myelin pro- tein’,,,,
np-2,neuropilin-2,,,,
mam,"mephrin, a5, mu’",,,,
ptk,protein tyrosine kinase,,,,
cret,cret,,,,
fbn,fibronectin,,,,
tnf,tumor necrosis factor,,,,
mapk,mitogen activated protein kinase,,,,
p-creb,phosphorylated camp response element binding protein transcription factor,,,,
ntn,neurturin,,,,
art,artemin,,,,
psp,persephin,,,,
gfra,gdnf family receptor a),,,,
gfap –/–,gfap gene,,,,
etbr,ethidium bromide,,,,
htk,herpes thymidine kinase,,,,
gcv,ganciclovir,,,,
dpy,dipyridine,,,,
mmp,matrix metalloproteinase,,,,
timps,tissue inhibitors of the mmps,,,,
imp,injured membrane proteoglycan,,,,
cmd,cartilage matrix deficiency,,,,
prog,progesterone,,,,
igf-1,insulin- like growth factor 1,,,,
dbi,diazepam binding inhibitor,,,,
odn,oc- todecaneuropeptide,,,,
ttn,triakontatetraneuropeptide,,,,
map-2,microtubule association protein-2,,,,
sreb,sterol regulatory element binding protein,,,,
dex,dexamethasone,,,,
pbr,peripheral benzodiazepine receptor,,,,
tgf-(3,transforming growth factor (3,,,,
shh,sonic hedgehog,,,,
ptsd,post-trau- matic stress disorder,,,,
blbp,brain lipid binding protein,,,,
icam-1,intracellular ad hesion molecule 1,,,,
lfa-1,lymphocyte function associated antigen-1,,,,
elam-1,e-selectin/endothelial leukocyte adhesion molecule-1,,,,
emap ii,endothelial monocyte activating polypeptide ii,,,,
vla-4,very late antigen 4,,,,
no,nitric oxide,,,,
tgf-(1,transforming growth factor beta 1,,,,
sicam-i,soluble intercellular adhesion molecule-i,,,,
gm-csf,granulocyte macro­ phage colony stimulating factor,,,,
clf/clc,cytokine-like factor- 1 and cardiotrophin-like cytokine,,,,
tgf-ß,transforming growth factor-ß,,,,
trkb,tropomyosin  receptor kinase b,,,,
arhox1,arhox4/5 (12%,,,,
arhox6,arhox7 (6%,,,,
lbp,lycium barbarum polysaccharide,,,,
am-3,am-4 (d86363,,,,
am-4,am-5 (d86364,,,,
am-5,am-6 (d86365,,,,
am-6,am-7 (d86355,,,,
am-7,am-9 (d86367,,,,
am-9,am- gbx (d86369,,,,
hoxa-1,hoxa-2 (m93148,,,,
hoxa-2,hoxa-3 (k02591,,,,
hoxa-3,hoxa-4 (x13538,,,,
hoxa-4,hoxa-5 (m36604,,,,
hoxa-10,hoxa-11 (u20370,,,,
laminin-1,laminin-3/s-laminin) and cx1- 1-y1,,,,
lama2,laminin alpha2,,,,
pha-l,phaseolus vulgaris-leucoagglutinin,,,,
sg,specialized glia,,,,
of,olfactory nerves,,,,
endo-n,endoneuraminidase,,,,
gaba,gamma-aminobutyric acid,,,,
ka,kainic acid,,,,
fgfr,fgf receptors,,,,
tnfr,tnf receptor,,,,
osm,oncostatin m,,,,
ct-1,cardiotrophin-1,,,,
lps,lipopolysaccharide,,,,
pmp22,peripheral myelin protein 22 kda,,,,
igfbp-6,igf binding protein-6,,,,
gmf-,glia maturation factor-,,,,
mt-mmps,membrane-type matrix metalloproteases,,,,
ldlr,low density lipoprotein re- ceptor,,,,
kinases,pls-kinases) and lipid phosphatases (e.g. synaptojanin,,,,
wasp,wiskott-aldrich syndrome protein,,,,
marcks,myristoylated alanine-rich c kinase substrate,,,,
tgfa,transforming growth factor alpha,,,,
hb-gam,pleiotrophin/heparin- binding growth­ associated molecule,,,,
atl,angiotensin ii type l,,,,
ace,angiotensin converting enzyme,,,,
mkp-l,map kinase phosphatase-l,,,,
gfra1,gdnf family receptor a1,,,,
adam,a disintegrin and metalloprotease,,,,
nof,neurite outgrowth factor,,,,
pecam-1,platelet-endothelial-cell adhesion molecule 1,,,,
vcam-1,vascular-cell adhesion molecule 1,,,,
corp,calcitonin gene-related peptide,,,,
bzip,basic region­ leucine zipper,,,,
te,tellurium,,,,
tnfa,tumor necrosis factor a,,,,
tr,thyroid receptors,,,,
pr,progesterone,,,,
vdr,vitamin d receptor,,,,
jnk,jun aminoterminal kinase 1,,,,
atf-3,activat­ ing transcription factor-3,,,,
cre,calcium/camp responsive elements,,,,
brn-3a,brn-3b and -3c) or experienced a delayed down­ regulation,,,,
islet,islet-1/-2,,,,
myt-1,myelin transcription factor 1,,,,
myt-2,myelin transcription factor 2,,,,
myti,myelin transcription factor i,,,,
crem,camp-responsive element modulator,,,,
nt4,neurotrophin 4,,,,
vim,vimentin,,,,
if,intermediate filament s,,,,
psa-ncam,polysialyated form of ncam,,,,
nes,nestin,,,,
mos,morpholinos,,,,
pdi,anti-protein di- sulfide isomerase,,,,
rhd,reticulon hom- ology domain,,,,
wga,wheat germ agglutinin,,,,
sema 3a,semaphorin 3a,,,,
tax1bp1,tax1-binding protein 1,,,,
mapk1,mitogen-activated protein kinase 1,,,,
ido,"indoleamine 2,3- dioxygenase",,,,
prg5,plasticity-related gene 5,,,,
abl,abelson proto-  oncogene,,,,
ankrd1,ankyrin repeat domain 1,,,,
dlk,dual leucine zipper-bearing kinase,,,,
tsa,trichostatin a,,,,
hats,histone acetyltransferases,,,,
pl,poly-l-lysine,,,,
ci,collagen i,,,,
civ,collagen iv,,,,
py397 fak,phosphorylated-tyrosine-397 fak,,,,
rmg,retinal müller glia,,,,
plg,poly(lactide-co-glycolide),,,,
peg,poly(ethylene glycol),,,,
ccl17,c motif) ligand17,,,,
stat6,signal transducers and activators of tran- scription 6,,,,
oxldl,oxidized low-density lipoprotein,,,,
klf2,kruppel-like factor 2,,,,
irf5,interferon regulatory factor 5,,,,
pkcα,protein kinase c-α,,,,
s6k1,s6 kinase 1,,,,
ps6,phospho-s6,,,,
chat,cholinergic acetyl transferase,,,,
msg,monosodium glutamate,,,,
aav-egfp,aav- anti-luciferase-egfp,,,,
vglut2,vesicular glutamate transporter 2,,,,
fgf2,fibroblast growth factor 2,,,,
aav2,adeno-associated virus serotype-2,,,,
syn,synaptophysin,,,,
alcam,activated leucocyte cell adhesion molecule,,,,
phospho- gap43,phospho-growth-associated protein 43,,,,
nt-4,neurotrophin-4,,,,
hsp,heat shock proteins,,,,
fdd,frequency-dependent depression ratio,,,,
dioa,([dihydroindenyl)oxy]alkanoic acid,,,,
rust,rubrospinal tract,,,,
ps,propriospinal,,,,
ng2,neural/glial antigen 2,,,,
ngr3,nogo-66 receptor 3,,,,
p75ntr,p75 neurotrophic receptor,,,,
klf,kru¨ppel-like factors,,,,
pga,poly(glycolic acid),,,,
pla,poly(lactic acid),,,,
phema,poly(2- hydroxyethyl methacrylate),,,,
peo,(peg)/poly-ethylene oxide,,,,
pva,poly(vinyl alcohol),,,,
plga,poly(lactic-co-glycolic acid),,,,
htt,huntingtin,,,,
plap,placental alka- line phosphatase,,,,
mycert,c-mycert fusion protein,,,,
sod1,superoxide dismutase 1,,,,
tcep,tris 20 carboxyethyl) phosphine,,,,
set,scientific,,,,
c-myc,rosamer-c-myc,,,,
ipsi,ipsilateral,,,,
psm,"ptenf/f/socs3f/f with aav2-cre, aav2-cntf and aav2-c-myc",,,,
timp-1,tissue inhibitor of metalloproteinase-1,,,,
egfp+,enhanced green fluorescent protein-positive,,,,
map2a+,microtubule-associated protein 2a-positive,,,,
dscam,down syndrome cell adhesion molecule gene,,,,
pjun,phosphorylated jun,,,,
pjnk,phosphorylated jnk,,,,
pakt,phosphorylated akt,,,,
pgipz,shsocs3/pgipz (lenti-shsocs3,,,,
shsocs3,shrna targeting endogenous socs3,,,,
p-stat3 tyr,p-stat3 tyr705,,,,
hbfgf,human bfgf,,,,
p-fak,phosphorylated focal adhesion kinase,,,,
tgf-13,transforming growth factor-13,,,,
hsp70,heat shock protein 70,,,,
pdgf-bb,platelet-derived growth factor-bb,,,,
flg,fibroblast growth factor receptor 1,,,,
pedf,pigment epithelium-derived factor,,,,
mda,malondialdehyde,,,,
sod,superoxide dismutase,,,,
hna,hu- man nuclear antigen,,,,
hsyn,human-specific synaptophysin,,,,
xbp1,x-box binding protein 1,,,,
ad-nt-3,ad-trkc) or nt-3 gene,,,,
map2,anti-microtubule-associated protein 2,,,,
ptges,prostaglandin e syn- thase,,,,
nos2,nitric oxide synthase 2,,,,
tgfb,"transforming 
growth factor beta",,,,
hyal-4,hyaluronidase-4,,,,
activin-b,activin-ab (βaβb,,,,
h&e,hematoxylin and eosin,,,,
pan/ pvc,polyacrylonitrile/polyvinyl chloride,,,,
hes-1,hairy and enhancer of split homolog-1,,,,
fn,fibronectin,,,,
doc,deoxycholate,,,,
pvdf,polyvinylidene difluoride,,,,
rna,ribonucleic acid,,,,
cdna,complementary deoxyribonucleic acid,,,,
pfn,plasma fibronectin,,,,
ritc,rhodamine-b-isothiocyanate,,,,
tace,to overcome mag inhibition. mt-i/ii inhibits a-secretase,,,,
praptor,phosphorylated-raptor,,,,
prictor,phosphorylated-rictor,,,,
iopn,intracellular osteopontin,,,,
dclks,doublecortin-like kinases,,,,
pp1,protein-phos- phatase 1,,,,
ask1,apoptosis signal-regulating kinase-1,,,,
mip-1α,macrophage inflammatory protein 1α,,,,
ptprs,"phosphatase, recep- tor s",,,,
nds,normal donkey se- rum,,,,
inpp5f,inositol polyphosphate-5- phosphatase f,,,,
klf4,kruppel-like factor 4,,,,
rarb,retinoic acid receptor beta,,,,
aav gfp,adeno-associated virus express- ing gfp,,,,
ppp,picropodophyllin,,,,
igf1r,insulin-like growth factor 1 receptor,,,,
pdgfra,platelet-derived growth factor receptor a,,,,
gpi- linked protein,glycophosphatidylinositol-linked protein,,,,
aav2–gfp,aav2–green fluorescent protein,,,,
phpma,poly(hydroxypropyl methacrylate),,,,
grgds,glycine-arginine-glycine-aspartic acid-serine,,,,
rhnt-3,recom- binant human nt-3,,,,
saps,self-assembling peptides,,,,
npcs,neural progenitor cells,,,,
peg/pll,poly(ethylene glycol)/poly-l-lysine,,,,
hema,2-hydroxyethyl methacrylate,,,,
hpma,2-hydroxypropyl methacrylamide,,,,
ma,methacrylate,,,,
moetacl,hema-2[2-(methacryloyloxy)ethyl]trimethylammonium chloride,,,,
th-,tyrosine hydroxylase-,,,,
phb,poly-beta-hydroxybutyrate,,,,
cgrp-,calcitonin gene related peptide-,,,,